<?xml version="1.0" encoding="UTF-8" standalone="yes" ?>
<addon id="plugin.video.zamunda" name="Zamunda Magnet Video" version="2022.04.01.01" provider-name="kodi1 moded by MartinStZ">
  <requires>
    <import addon="script.module.requests" version="1.1.0"/>
    <import addon="script.module.beautifulsoup4" version="4.3.2"/>
	<import version="0.999.0" addon="script.module.html5lib" optional="false"/>
    <import addon="script.module.simplejson" version="3.3.0"/>
  </requires>
  <extension point="xbmc.python.pluginsource" library="default.py">
    <provides>video</provides>
  </extension>
  <extension point="xbmc.addon.metadata">
        <summary>Play Zamunda.net 'magnet' links via Quasar or Elementum</summary>
        <summary lang="en">Addon for watching video from Zamunda.net</summary>
        <description lang="en">It is not official addon from Zamunda.net</description>
        <disclaimer lang="en">Some parts of this addon may not be legal in your country of residence - please check with your local laws before installing.</disclaimer>
        <language>en</language>
        <platform>all</platform>
        <forum></forum>
        <forum>http://https://kodibg.org/forum/</forum>
        <website></website>
		<assets>
		   <icon>resources/icon.png</icon>
		   <fanart>resources/fanart.jpg</fanart>
		</assets>
  </extension>
</addon>
