<?xml version="1.0" encoding="UTF-8" standalone="yes"?>
<addon id="script.elementum.burstBG" name="Elementum [COLOR FF00D000]Burst[/COLOR] [COLOR FFFF3B3B]BG[/COLOR]" version="2023.01.15.01" provider-name="MartinStZ">
    <requires>
		<import addon="xbmc.addon" version="16.0.0" />
        <import addon="plugin.video.elementum" optional="true"/>
		<import addon="script.module.kodi-six" />
		<import addon="script.module.future" version="0.16.0.4"/>
    </requires>
    <extension point="xbmc.python.script" library="burst.py">
        <provides>executable</provides>
    </extension>
    <extension point="xbmc.addon.metadata">
        <summary lang="en">Elementum BG torrents provider</summary>
        <description lang="en">Elementum BurstBG is a lean and mean multi-provider for Elementum.</description>
        <disclaimer lang="en">The author does not host or distribute any of the content displayed by this addon. The author does not have any affiliation with the content providers.</disclaimer>
        <website>https://elementum.surge.sh</website>
        <source></source>
        <forum>TODO</forum>
        <assets>
            <icon>icon.png</icon>
            <fanart>fanart.jpg</fanart>
        </assets>
    </extension>
</addon>
