<?xml version="1.0" encoding="UTF-8" standalone="yes"?>
<addon id="plugin.program.packthumb.service" name="Temporary Files Cleaner - Service" version="2023.01.19.01" provider-name="MartinStZ">
    <requires />
    <extension point="xbmc.python.pluginsource" library="default.py">
        <provides>executable</provides>
    </extension>
    <extension point="xbmc.python.module" />
	<extension point="xbmc.service" library="service.py" start="start" />
    <extension point="xbmc.addon.metadata">
        <summary lang="en">Clean Kodi's Temporary Files</summary>
        <description lang="en">Clean Kodi's Temporary Files</description>
        <platform>all</platform>
        <reuselanguageinvoker>false</reuselanguageinvoker>
        <source>/</source>
        <news></news>
        <assets>
            <icon>icon.png</icon>
        </assets>
    </extension>
</addon>
