<?xml version="1.0" encoding="utf-8" standalone="yes"?>
<addon id="service.subloader"
    name="SubLoader" version="33.1.6o" provider-name="DenimNani">
  <requires>
  </requires>
  <extension point="xbmc.service" library="monitor.py" start="login"></extension>  
  <extension point="xbmc.addon.metadata">
    <summary lang="en">Automatic subtitles for your content</summary>
    <description lang="en">Auto download the best subtitle automatically as soon you start the video.
Special thanks to OpenSubtitles.org for providing a unique UA for Subloader.</description>
    <platform>all</platform>
    <language>en</language>
    <license>GPL</license>
    <website>https://github.com/denimnani</website>
	<assets>
		<icon>iconsubloader.png</icon>
		<fanart>fanartsubloader.png</fanart>
		<screenshot>resources/media/screenshots/screenshot1subLoader.jpg</screenshot>
		<screenshot>fanartsubloader.png</screenshot>
	</assets>
    <source>https://github.com/denimnani/service.subloader</source>
    <forum></forum>
    <email></email>
	<news>0.1.6     05.05.2021
Bug fix on open subtitle dialog.

0.1.5     21.02.2021
Subloader now runs on KODI v19 (Special thanks to peno/64).
Added python 3 compatibility.
Some grammatical corrections (Special thanks to AlexNaga).

0.1.4     23.07.2019
Added Dutch language (Special thanks to Tinuz97).
Clean up project files.</news>
  </extension>
</addon>
