{
    "zelka": {
        "enabled": true,
        "predefined": false,
        "private": true,
        "name": "Zelka",
        "languages": "bg",
        "anime_extra": "",
        "anime_keywords": "{title:original} {episode}",
        "anime_query": "",
        "base_url": "http://zelka.org/browse.php?search=QUERYEXTRA&cat=0&incldead=1",
        "root_url": "http://zelka.org",
        "charset": "windows-1251",
        "color": "FF2BA6D4",
        "general_extra": "",
        "general_keywords": "{title:original}",
        "general_query": "",
        "language": "bg",
        "login_failed": "Login failed!",
        "login_object": "{'username': USERNAME, 'password': PASSWORD}",
        "login_path": "/takelogin.php",
        "movie_extra": "",
        "movie_keywords": "{title:original} {year}",
        "movie_query": "",
        "parser": {
            "infohash": "item(tag='a', attribute='href' , order=5).replace('magnet:?xt=urn:btih:', '')",
            "name": "item(tag='a', order=2) + ' | ' + unquote(re.sub('download\\.php/\\d+/','',item(tag='a', attribute='href' , order=4)).replace('.torrent', '')) + '[COLOR CC00FF00] | BG Subs | Българско озвучаване[/COLOR]' if item(tag='img', attribute='src' , order=8) == 'http://img.zamunda.se/pic/flag_bgsub.gif' else item(tag='a', order=2) + ' | ' + unquote(re.sub('download\\.php/\\d+/','',item(tag='a', attribute='href' , order=4)).replace('.torrent', '')) + '[COLOR CC00FF00] | BG Subs[/COLOR]' if item(tag='img', attribute='src' , order=6) == 'http://img.zamunda.se/pic/flag_bgsub.gif' else item(tag='a', order=2) + ' | ' + unquote(re.sub('download\\.php/\\d+/','',item(tag='a', attribute='href' , order=4)).replace('.torrent', '')) + '[COLOR CC00FF00] | Българско озвучаване[/COLOR]' if item(tag='img', attribute='src' , order=6) == 'http://img.zamunda.se/pic/flag_bgaudio.gif' else item(tag='a', order=2) + ' | ' + unquote(re.sub('download\\.php/\\d+/','',item(tag='a', attribute='href' , order=4)).replace('.torrent', ''))",
            "peers": "item(tag='td', order=-1)",
            "row": "find_once('table', ('width', '900')).find_all('tr', start=2)",
            "seeds": "item(tag='td', order=-2)",
            "size": "item(tag='td', order=-4)",
            "torrent": "item(tag='a', attribute='href' , order=5)"
        },
        "season_extra": "",
        "season_extra2": "",
        "season_keywords": "{title:original} Season {season:1}",
        "season_keywords2": "{title} Сезон {season:2}",
        "season_query": "",
        "separator": "+",
        "show_query": "",
        "subpage": false,
        "tv_extra": "",
        "tv_extra2": "",
        "tv_keywords": "{title:original} s{season:2}e{episode:2}",
        "tv_keywords2": "{title:original} Season {season:1}"
    },
    "zamunda": {
        "enabled": true,
        "predefined": false,
        "private": true,
        "name": "Zamunda",
        "languages": "bg",
        "anime_extra": "",
        "anime_keywords": "{title:original} {episode}",
        "anime_query": "?c25=1&search=QUERYEXTRA&incldead=1&field=name",
        "base_url": "https://zamunda.net/bananas",
        "root_url": "https://zamunda.net",
        "charset": "windows-1251",
        "color": "FF2BA6D4",
        "general_extra": "",
        "general_keywords": "{title:original}",
        "general_query": "?c42=1&c25=1&c35=1&c46=1&c20=1&c19=1&c5=1&c24=1&c31=1&c28=1&c7=1&c33=1&c43=1&c41=1&search=QUERYEXTRA&gotonext=1&incldead=&field=name",
        "language": "bg",
        "login_failed": "Login failed!",
        "login_object": "{'username': USERNAME, 'password': PASSWORD}",
        "login_path": "/takelogin.php",
        "movie_extra": "",
        "movie_keywords": "{title:original} {year}",
        "movie_query": "?c42=1&c25=1&c35=1&c46=1&c20=1&c19=1&c5=1&c24=1&c31=1&c28=1&search=QUERYEXTRA&gotonext=1&incldead=&field=name",
        "parser": {
            "infohash": "",
            "name": "item(tag='a', order=2) + ' | ' + unquote(re.sub('/download\\.php/\\d+/','',item(tag='a', attribute='href' , order=3)).replace('.torrent', '')) + '[COLOR CC00FF00] | BG Subs | Българско озвучаване[/COLOR]' if item(tag='img', attribute='src' , order=4) == 'https://zamunda.net/pic/pic/z_icons/bgaudio.png' and item(tag='img', attribute='src' , order=5) == 'https://zamunda.net/pic/pic/z_icons/bgsubs.png' else item(tag='a', order=2) + ' | ' + unquote(re.sub('/download\\.php/\\d+/','',item(tag='a', attribute='href' , order=3)).replace('.torrent', '')) + '[COLOR CC00FF00] | Българско озвучаване[/COLOR]' if item(tag='img', attribute='src' , order=4) == 'https://zamunda.net/pic/pic/z_icons/bgaudio.png' else item(tag='a', order=2) + ' | ' + unquote(re.sub('/download\\.php/\\d+/','',item(tag='a', attribute='href' , order=3)).replace('.torrent', '')) + '[COLOR CC00FF00] | BG Subs[/COLOR]' if item(tag='img', attribute='src' , order=4) == 'https://zamunda.net/pic/pic/z_icons/bgsubs.png' else item(tag='a', order=2) + ' | ' + unquote(re.sub('/download\\.php/\\d+/','',item(tag='a', attribute='href' , order=3)).replace('.torrent', ''))",
            "peers": "item(tag='td', order=-1)",
            "row": "find_once('table', ('id', 'zbtable')).find_all('tr', start=2)",
            "seeds": "item(tag='td', order=-2)",
            "size": "item(tag='td', order=-4)",
            "torrent": "'https://zamunda.net' + item(tag='a', attribute='href' , order=4)"
        },
        "season_extra": "",
        "season_extra2": "",
        "season_keywords": "{title:original}+Season+{season:1}",
        "season_keywords2": "{title}+Сезон+{season:2}",
        "season_query": "?c7=1&c33=1&search=QUERYEXTRA&gotonext=1&incldead=&field=name",
        "separator": "+",
        "show_query": "?c7=1&c33=1&search=QUERYEXTRA&gotonext=1&incldead=&field=name",
        "subpage": true,
        "tv_extra": "",
        "tv_extra2": "",
        "tv_keywords": "{title:original}+s{season:2}e{episode:2}",
        "tv_keywords2": "{title:original} Season+{season:1}",
        "tv_keywords3": "{title:original} Сезон+{season:1}"
    },
    "arenabg": {
        "enabled": true,
        "predefined": false,
        "private": true,
        "name": "Arenabg",
        "languages": "bg",
        "anime_extra": "",
        "anime_keywords": "{title:original} {episode}",
        "anime_query": "",
        "base_url": "https://arenabg.com/bg/torrents/?text=QUERYEXTRA&categories%5B%5D=8&categories%5B%5D=9&categories%5B%5D=10&categories%5B%5D=11&categories%5B%5D=12&categories%5B%5D=13&categories%5B%5D=14&categories%5B%5D=15&categories%5B%5D=16&categories%5B%5D=17&categories%5B%5D=18&categories%5B%5D=19&categories%5B%5D=20&categories%5B%5D=21&categories%5B%5D=22&categories%5B%5D=23&categories%5B%5D=24&categories%5B%5D=25&categories%5B%5D=26&categories%5B%5D=52&categories%5B%5D=53",
        "root_url": "https://arenabg.com/bg",
        "charset": "windows-1251",
        "color": "FF2BA6D4",
        "general_extra": "",
        "general_keywords": "{title:original}",
        "general_query": "",
        "language": "bg",
        "login_failed": "Login failed!",
        "login_object": "{'username_or_email': USERNAME, 'password': PASSWORD}",
        "login_path": "/users/signin/index.html",
        "movie_extra": "",
        "movie_keywords": "{title:original} {year}",
        "movie_query": "",
        "parser": {
            "infohash": "",
            "name": "item(tag='a', order=2).replace('\\n', '').replace('\\t', '') + '[COLOR CC00FF00] | BG Subs | ' + item(tag='span', attribute='alt' , order=2) + '[/COLOR]' if item(tag='span', attribute='alt' , order=1) == 'BG' else item(tag='a', order=2).replace('\\n', '').replace('\\t', '') + '[COLOR CC00FF00] | ' + item(tag='span', attribute='alt' , order=1) + '[/COLOR]' if item(tag='span', attribute='alt' , order=1) else item(tag='a', order=2).replace('\\n', '').replace('\\t', '')",
            "peers": "item(tag='td', order=5)",
            "row": "find_once('table', ('class', 'table-torrents'), order=2).find_all('tr', start=1)",
            "seeds": "item(tag='td', order=-1)",
            "size": "item(tag='td', order=-2)",
            "torrent": "'https://arenabg.com' + item(tag='a', attribute='href', order=2)"
        },
        "season_extra": "",
        "season_extra2": "",
        "season_keywords": "{title:original} Season {season:1}",
        "season_keywords2": "{title} Сезон {season:2}",
        "season_query": "",
        "separator": "+",
        "show_query": "",
        "subpage": true,
        "tv_extra": "",
        "tv_extra2": "",
        "tv_keywords": "{title:original} s{season:2}e{episode:2}",
        "tv_keywords2": "{title:original} Season{season:1}",
        "tv_keywords3": "{title:original} Season {season:1}"
    },
    "energytorrent": {
        "enabled": true,
        "predefined": false,
        "private": true,
        "name": "EnergyTorrent",
        "languages": "bg",
        "anime_extra": "",
        "anime_keywords": "{title:original} {episode}",
        "anime_query": "",
        "base_url": "http://energy-torrent.com/browse.php?search=QUERYEXTRA&cat=0&descrbox=1",  
        "root_url": "http://energy-torrent.com/",
        "charset": "windows-1251",
        "color": "FF2BA6D4",
        "general_extra": "",
        "general_keywords": "{title:original}",
        "general_query": "",
        "language": "bg",
        "login_failed": "Login failed!",
        "login_object": "{'username': USERNAME, 'password': PASSWORD}",
        "login_path": "/takelogin.php",
        "movie_extra": "",
        "movie_keywords": "{title:original} {year}",
        "movie_query": "",
        "parser": {
            "infohash": "",
            "name": "item('a', order=2)",
            "peers": "item(tag='td', order=8).split('|',1)[1]",
            "row": "find_once('table', ('class', 'blok')).find_all('tr', start=2)",
            "seeds": "item(tag='td', order=8).split('|',1)[0]",
            "size": "item(tag='td', order=6)",
            "torrent": "'/' + item(tag='a', attribute='href', order=2).replace('&hit=1', '')"
        },
        "season_extra": "",
        "season_extra2": "",
        "season_keywords": "{title:original} Season {season}",
        "season_keywords2": "{title} Сезон {season}",
        "season_query": "",
        "separator": "+",
        "show_query": "",
        "subpage": true,
        "tv_extra": "",
        "tv_extra2": "",
        "tv_keywords": "{title:original} s{season:2}.e{episode:2}",
        "tv_keywords2": "{title:original} s{season:2}e{episode:2}"
    },
    "masterstb": {
        "enabled": true,
        "predefined": false,
        "private": true,
        "name": "MastersTB",
        "languages": "bg",
        "anime_extra": "",
        "anime_keywords": "{title:original} {episode}",
        "anime_query": "",
        "base_url": "https://masters-tb.com/browse.php?search=QUERYEXTRA&c29=1&c28=1&c23=1&c7=1&c20=1&c35=1&c36=1&c19=1&c34=1&c37=1&c55=1&incldead=0&searchrs=0",
        "root_url": "https://masters-tb.com/",
        "charset": "windows-1251",
        "color": "FF2BA6D4",
        "general_extra": "",
        "general_keywords": "{title:original}",
        "general_query": "",
        "language": "bg",
        "login_failed": "Login failed!",
        "login_object": "{'username': USERNAME, 'password': PASSWORD}",
        "login_path": "/takelogin.php",
        "movie_extra": "",
        "movie_keywords": "{title:original} {year}",
        "movie_query": "",
        "parser": {
            "infohash": "",
            "name": "item(tag='a', order=2) + '[COLOR CC00FF00] | BG Subs | Българско озвучаване[/COLOR]' if item(tag='img', attribute='src' , order=2) == 'pic/subs.png' and item(tag='img', attribute='src' , order=3) == 'pic/bgaudio.png' else item(tag='a', order=2) + '[COLOR CC00FF00] | Българско озвучаване[/COLOR]' if item(tag='img', attribute='src' , order=3) == 'pic/bgaudio.png' else item(tag='a', order=2) + '[COLOR CC00FF00] | BG Subs[/COLOR]' if item(tag='img', attribute='src' , order=2) == 'pic/subs.png' else item(tag='a', order=2)",
            "peers": "item(tag='td', order=10)",
            "row": "find_once('table', ('width', '65%')).find_all('tr', start=2)",
            "seeds": "item(tag='td', order=9)",
            "size": "item(tag='td', order=7)",
            "torrent": "'https://masters-tb.com/' + item(tag='a', attribute='href', order=2).replace('&hit=1','')"
        },
        "season_extra": "",
        "season_extra2": "",
        "season_keywords": "{title:original} Season {season:1}",
        "season_keywords2": "{title} Сезон {season:2}",
        "season_query": "",
        "separator": "+",
        "show_query": "",
        "subpage": true,
        "tv_extra": "",
        "tv_extra2": "",
        "tv_keywords": "{title:original} s{season:2}e{episode:2}",
        "tv_keywords2": "{title:original} Season {season:1}"
    }
}