<?xml version="1.0" encoding="UTF-8" standalone="yes" ?>
<addon id="plugin.video.arenabgweb" name="Arena BG" version="2021.03.02.04" provider-name="MartinStZ">
 <requires>
	 <import addon="script.module.requests" version="1.1.0"/>
	 <import addon="script.module.beautifulsoup4" version="0.0.1"/>
 </requires>
 <extension point="xbmc.python.pluginsource" library="default.py">
     <provides>video</provides>
 </extension>
 <extension point="xbmc.addon.metadata">
     <summary lang="bg">Приставка за гледане на филми от Arenabg.com</summary>
     <summary lang="en">Addon for VOD from Arenabg.com</summary>
    <description lang="bg"></description>
     <description lang="en"></description>      
     <disclaimer lang="bg">Някои елементи на тази приставка, може да не са легални в държавата ви - проверете и инсталирайте на Ваша отговорност.</disclaimer>
     <disclaimer lang="en">Some parts of this addon may not be legal in your country of residence - please check with your local laws before installing.</disclaimer>
     <language>bg,en</language>
     <platform>all</platform>
     <forum></forum>
     <website></website>
     <email></email>
	 <assets>
	   <icon>resources/icon.png</icon>
       <fanart>resources/fanart.jpg</fanart>
	</assets>
 </extension>
</addon>
