<?xml version="1.0" encoding="UTF-8" standalone="yes" ?>
<addon id="plugin.program.tv" name="TV" version="2023.05.13.03" provider-name="">
  <requires>
    <import addon="script.module.requests" version="1.1.0"/>
    <import addon="script.module.simplejson" version="3.3.0"/>
  </requires>
  <extension point="xbmc.python.script" library="exec.py"/>
  <extension point="xbmc.service" library="service.py" start="start" />
  <extension point="xbmc.addon.metadata">
        <summary></summary>
        <summary lang="en"></summary>
        <description lang="en"></description>
        <disclaimer lang="en"></disclaimer>
        <language>en</language>
        <platform>all</platform>
        <forum>https://kodibg.org/forum/</forum>
        <website>https://kodibg.org/forum/thread-339.html</website>
		<assets>
		   <icon></icon>
		   <fanart></fanart>
		</assets>
  </extension>
</addon>
