<?xml version="1.0" encoding="UTF-8" standalone="yes"?>
<addon id="service.subtitles.modedbg" name="Bulgarian Subs" version="2023.06.21.01" provider-name="MartinStZ">
  <requires>
    <import addon="script.module.beautifulsoup4" version="4.3.2"/>
    <import addon="script.module.requests" version="1.1.0"/>
    <import addon="script.module.simplejson" version="3.3.0"/>
  </requires>
  <extension point="xbmc.subtitle.module"
             library="service.py" />
  <extension point="xbmc.addon.metadata">
    <summary lang="en">Bulgarian Subtitle Service</summary>
    <description lang="en">Subtitles from subs.sab.bz, subsunacs.net, yavka.net, bukvi.bg, easternspirit.org and subsland.com</description>
    <language>en</language>
    <platform>all</platform>
    <forum>https://kodibg.org/forum/thread-1019.html</forum>
    <website>https://kodibg.org/forum/thread-1019.html</website>
    <email></email>
    </extension>
</addon>
